title,movie_rank,genres,release_day,release_month,release_year,movie_length,rating,vote_count,description,Cast (Main Actors),Budget,Box Office Gross,Awards
The Shawshank Redemption,1,Drama,14,10,1994,2:22:00,9.3,3020598,"A banker convicted of uxoricide forms a friendship over a quarter century with a hardened convict, while maintaining his innocence and trying to remain hopeful through simple compassion.","Tim Robbins, Morgan Freeman, Bob Gunton",N/A,"$28,767,189",Nominated for 7 Oscars. 21 wins & 42 nominations total
The Godfather,2,"Crime, Drama",24,3,1972,2:55:00,9.2,2108019,The aging patriarch of an organized crime dynasty transfers control of his clandestine empire to his reluctant son.,"Marlon Brando, Al Pacino, James Caan",N/A,"$136,381,073",Won 3 Oscars. 31 wins & 31 nominations total
The Dark Knight,3,"Action, Crime, Drama",18,7,2008,2:32:00,9.0,2996913,"When a menace known as the Joker wreaks havoc and chaos on the people of Gotham, Batman, James Gordon and Harvey Dent must work together to put an end to the madness.","Christian Bale, Heath Ledger, Aaron Eckhart",N/A,"$534,987,076",Won 2 Oscars. 164 wins & 165 nominations total
The Godfather Part II,4,"Crime, Drama",18,12,1974,3:22:00,9.0,1419714,"The early life and career of Vito Corleone in 1920s New York City is portrayed, while his son, Michael, expands and tightens his grip on the family crime syndicate.","Al Pacino, Robert De Niro, Robert Duvall",N/A,"$47,834,595",Won 6 Oscars. 17 wins & 21 nominations total
12 Angry Men,5,"Crime, Drama",10,4,1957,1:36:00,9.0,916939,The jury in a New York City murder trial is frustrated by a single member whose skeptical caution forces them to more carefully consider the evidence before jumping to a hasty verdict.,"Henry Fonda, Lee J. Cobb, Martin Balsam",N/A,N/A,Nominated for 3 Oscars. 16 wins & 12 nominations total
The Lord of the Rings: The Return of the King,6,"Adventure, Drama, Fantasy",17,12,2003,3:21:00,9.0,2063799,Gandalf and Aragorn lead the World of Men against Sauron's army to draw his gaze from Frodo and Sam as they approach Mount Doom with the One Ring.,"Elijah Wood, Viggo Mortensen, Ian McKellen",N/A,"$381,878,219",Won 11 Oscars. 215 wins & 124 nominations total
Schindler's List,7,"Biography, Drama, History",4,2,1993,3:15:00,9.0,1512153,"In German-occupied Poland during World War II, industrialist Oskar Schindler gradually becomes concerned for his Jewish workforce after witnessing their persecution by the Nazis.","Liam Neeson, Ralph Fiennes, Ben Kingsley",N/A,"$96,898,818",Won 7 Oscars. 91 wins & 49 nominations total
Pulp Fiction,8,"Crime, Drama",14,10,1994,2:34:00,8.9,2317747,"The lives of two mob hitmen, a boxer, a gangster and his wife, and a pair of diner bandits intertwine in four tales of violence and redemption.","John Travolta, Uma Thurman, Samuel L. Jackson",N/A,"$107,928,762",Won 1 Oscar. 69 wins & 72 nominations total
The Lord of the Rings: The Fellowship of the Ring,9,"Adventure, Drama, Fantasy",19,12,2001,2:58:00,8.9,2092797,A meek Hobbit from the Shire and eight companions set out on a journey to destroy the powerful One Ring and save Middle-earth from the Dark Lord Sauron.,"Elijah Wood, Ian McKellen, Orlando Bloom",N/A,"$319,372,078",Won 4 Oscars. 125 wins & 126 nominations total
"The Good, the Bad and the Ugly",10,"Adventure, Western",29,12,1966,2:58:00,8.8,846969,A bounty-hunting scam joins two men in an uneasy alliance against a third in a race to find a fortune in gold buried in a remote cemetery.,"Clint Eastwood, Eli Wallach, Lee Van Cleef",N/A,"$25,100,000",2 wins & 5 nominations total
Forrest Gump,11,"Drama, Romance",6,7,1994,2:22:00,8.8,2361333,"The history of the United States from the 1950s to the '70s unfolds from the perspective of an Alabama man with an IQ of 75, who yearns to be reunited with his childhood sweetheart.","Tom Hanks, Robin Wright, Gary Sinise",N/A,"$330,455,270",Won 6 Oscars. 51 wins & 74 nominations total
The Lord of the Rings: The Two Towers,12,"Adventure, Drama, Fantasy",18,12,2002,2:59:00,8.8,1859956,"While Frodo and Sam edge closer to Mordor with the help of the shifty Gollum, the divided fellowship makes a stand against Sauron's new ally, Saruman, and his hordes of Isengard.","Elijah Wood, Ian McKellen, Viggo Mortensen",N/A,"$345,518,923",Won 2 Oscars. 132 wins & 138 nominations total
Fight Club,13,Drama,15,10,1999,2:19:00,8.8,2442815,An insomniac office worker and a devil-may-care soap maker form an underground fight club that evolves into much more.,"Brad Pitt, Edward Norton, Meat Loaf",N/A,"$37,030,102",Nominated for 1 Oscar. 12 wins & 38 nominations total
Inception,14,"Action, Adventure, Sci-Fi",16,7,2010,2:28:00,8.8,2663522,"A thief who steals corporate secrets through the use of dream-sharing technology is given the inverse task of planting an idea into the mind of a C.E.O., but his tragic past may doom the project and his team to disaster.","Leonardo DiCaprio, Joseph Gordon-Levitt, Elliot Page",N/A,"$292,587,330",Won 4 Oscars. 159 wins & 220 nominations total
Star Wars: Episode V - The Empire Strikes Back,15,"Action, Adventure, Fantasy",18,6,1980,2:04:00,8.7,1431038,"After the Empire overpowers the Rebel Alliance, Luke Skywalker begins training with Jedi Master Yoda, while Darth Vader and bounty hunter Boba Fett pursue his friends across the galaxy.","Mark Hamill, Harrison Ford, Carrie Fisher",N/A,"$292,753,960",Won 1 Oscar. 27 wins & 20 nominations total
The Matrix,16,"Action, Sci-Fi",31,3,1999,2:16:00,8.7,2140311,"When a beautiful stranger leads computer hacker Neo to a forbidding underworld, he discovers the shocking truth--the life he knows is the elaborate deception of an evil cyber-intelligence.","Keanu Reeves, Laurence Fishburne, Carrie-Anne Moss",N/A,"$172,076,928",Won 4 Oscars. 42 wins & 52 nominations total
Goodfellas,17,"Biography, Crime, Drama",21,9,1990,2:25:00,8.7,1314836,"The story of Henry Hill and his life in the mafia, covering his relationship with his wife Karen and his mob partners Jimmy Conway and Tommy DeVito.","Robert De Niro, Ray Liotta, Joe Pesci",N/A,"$46,909,721",Won 1 Oscar. 44 wins & 38 nominations total
One Flew Over the Cuckoo's Nest,18,Drama,19,11,1975,2:13:00,8.7,1110169,"In the Fall of 1963, a Korean War veteran and criminal pleads insanity and is admitted to a mental institution, where he rallies up the scared patients against the tyrannical nurse.","Jack Nicholson, Louise Fletcher, Michael Berryman",N/A,"$108,981,275",Won 5 Oscars. 38 wins & 15 nominations total
Interstellar,19,"Adventure, Drama, Sci-Fi",7,11,2014,2:49:00,8.7,2312807,"When Earth becomes uninhabitable in the future, a farmer and ex-NASA pilot, Joseph Cooper, is tasked to pilot a spacecraft, along with a team of researchers, to find a new planet for humans.","Matthew McConaughey, Anne Hathaway, Jessica Chastain",N/A,"$203,227,580",Won 1 Oscar. 44 wins & 148 nominations total
Se7en,20,"Crime, Drama, Mystery",22,9,1995,2:07:00,8.6,1894141,"Two detectives, a rookie and a veteran, hunt a serial killer who uses the seven deadly sins as his motives.","Morgan Freeman, Brad Pitt, Kevin Spacey",N/A,"$101,040,643",Nominated for 1 Oscar. 29 wins & 44 nominations total
It's a Wonderful Life,21,"Drama, Family, Fantasy",7,1,1946,2:10:00,8.6,524769,An angel is sent from Heaven to help a desperately frustrated businessman by showing him what life would have been like if he had never existed.,"James Stewart, Donna Reed, Lionel Barrymore",N/A,"$1,483,643",Nominated for 5 Oscars. 7 wins & 6 nominations total
Seven Samurai,22,"Action, Drama",19,11,1954,3:27:00,8.6,381581,"Farmers from a village exploited by bandits hire a veteran samurai for protection, and he gathers six other samurai to join him.","Toshirô Mifune, Takashi Shimura, Keiko Tsushima",N/A,"$820,278",Nominated for 2 Oscars. 5 wins & 9 nominations total
The Silence of the Lambs,23,"Crime, Drama, Horror",14,2,1991,1:58:00,8.6,1621419,"A young F.B.I. cadet must receive the help of an incarcerated and manipulative cannibal killer to help catch another serial killer, a madman who skins his victims.","Jodie Foster, Anthony Hopkins, Scott Glenn",N/A,"$130,742,922",Won 5 Oscars. 71 wins & 50 nominations total
Saving Private Ryan,24,"Drama, War",24,7,1998,2:49:00,8.6,1558757,"Following the Normandy Landings, a group of U.S. soldiers go behind enemy lines to retrieve a paratrooper whose brothers have been killed in action.","Tom Hanks, Matt Damon, Tom Sizemore",N/A,"$217,049,603",Won 5 Oscars. 79 wins & 75 nominations total
City of God,25,"Crime, Drama",13,2,2002,2:10:00,8.6,832281,"In the slums of Rio, two kids' paths diverge as one struggles to become a photographer and the other a kingpin.","Alexandre Rodrigues, Leandro Firmino, Matheus Nachtergaele",N/A,"$7,564,459",Nominated for 4 Oscars. 75 wins & 50 nominations total
The Green Mile,26,"Crime, Drama, Fantasy",10,12,1999,3:09:00,8.6,1474117,A death row guard learns that a gentle giant in his charge possesses a mysterious gift.,"Tom Hanks, Michael Clarke Duncan, David Morse",N/A,"$136,801,374",Nominated for 4 Oscars. 15 wins & 37 nominations total
Life Is Beautiful,27,"Comedy, Drama, Romance",20,12,1997,1:56:00,8.6,772746,"When an open-minded Jewish waiter and his son become victims of the Holocaust, he uses a perfect mixture of will, humor and imagination to protect his son from the dangers around their camp.","Roberto Benigni, Nicoletta Braschi, Giorgio Cantarini",N/A,"$57,563,264",Won 3 Oscars. 72 wins & 52 nominations total
Terminator 2: Judgment Day,28,"Action, Adventure, Sci-Fi",3,7,1991,2:17:00,8.6,1223581,"A cyborg, identical to the one who failed to kill Sarah Connor, must now protect her ten year old son John from an even more advanced and powerful cyborg.","Arnold Schwarzenegger, Linda Hamilton, Edward Furlong",N/A,"$205,881,154",Won 4 Oscars. 39 wins & 33 nominations total
Star Wars: Episode IV - A New Hope,29,"Action, Adventure, Fantasy",25,5,1977,2:01:00,8.6,1498358,"Luke Skywalker joins forces with a Jedi Knight, a cocky pilot, a Wookiee and two droids to save the galaxy from the Empire's world-destroying battle station, while also attempting to rescue Princess Leia from the mysterious Darth Vader.","Mark Hamill, Harrison Ford, Carrie Fisher",N/A,"$460,998,507",Won 6 Oscars. 69 wins & 30 nominations total
Back to the Future,30,"Adventure, Comedy, Sci-Fi",3,7,1985,1:56:00,8.5,1366917,"Marty McFly, a 17-year-old high school student, is accidentally sent 30 years into the past in a time-traveling DeLorean invented by his close friend, the maverick scientist Doc Brown.","Michael J. Fox, Christopher Lloyd, Lea Thompson",N/A,"$214,553,307",Won 1 Oscar. 25 wins & 25 nominations total
Spirited Away,31,"Animation, Adventure, Family",28,3,2001,2:04:00,8.6,900318,"During her family's move to the suburbs, a sullen 10-year-old girl wanders into a world ruled by gods, witches and spirits, and where humans are changed into beasts.","Daveigh Chase, Suzanne Pleshette, Miyu Irino",N/A,"$15,205,725",Won 1 Oscar. 58 wins & 31 nominations total
The Pianist,32,"Biography, Drama, Music",28,3,2002,2:30:00,8.5,960884,"During WWII, acclaimed Polish musician Wladyslaw faces various struggles as he loses contact with his family. As the situation worsens, he hides in the ruins of Warsaw in order to survive.","Adrien Brody, Thomas Kretschmann, Frank Finlay",N/A,"$32,590,750",Won 3 Oscars. 57 wins & 74 nominations total
Gladiator,33,"Action, Adventure, Drama",5,5,2000,2:35:00,8.5,1743837,A former Roman General sets out to exact vengeance against the corrupt emperor who murdered his family and sent him into slavery.,"Russell Crowe, Joaquin Phoenix, Connie Nielsen",N/A,"$187,705,427",Won 5 Oscars. 60 wins & 104 nominations total
Parasite,34,"Drama, Thriller",8,11,2019,2:12:00,8.5,1046865,Greed and class discrimination threaten the newly formed symbiotic relationship between the wealthy Park family and the destitute Kim clan.,"Song Kang-ho, Lee Sun-kyun, Cho Yeo-jeong",N/A,"$53,369,749",Won 4 Oscars. 316 wins & 266 nominations total
Psycho,35,"Horror, Mystery, Thriller",8,9,1960,1:49:00,8.5,747925,A secretary on the run for embezzlement takes refuge at a secluded California motel owned by a repressed man and his overbearing mother.,"Anthony Perkins, Janet Leigh, Vera Miles",N/A,"$32,000,000",Nominated for 4 Oscars. 8 wins & 14 nominations total
The Lion King,36,"Animation, Adventure, Drama",24,6,1994,1:28:00,8.5,1193927,"Lion prince Simba and his father are targeted by his bitter uncle, who wants to ascend the throne himself.","Matthew Broderick, Jeremy Irons, James Earl Jones",N/A,"$424,979,720",Won 2 Oscars. 43 wins & 35 nominations total
Grave of the Fireflies,37,"Animation, Drama, War",26,7,1988,1:28:00,8.5,342809,A young boy and his little sister struggle to survive in Japan during World War II.,"Tsutomu Tatsumi, Ayano Shiraishi, Akemi Yamaguchi",N/A,"$516,962",3 wins total
The Departed,38,"Crime, Drama, Thriller",6,10,2006,2:31:00,8.5,1477481,An undercover cop and a mole in the police attempt to identify each other while infiltrating an Irish gang in South Boston.,"Leonardo DiCaprio, Matt Damon, Jack Nicholson",N/A,"$132,399,394",Won 4 Oscars. 100 wins & 141 nominations total
Whiplash,39,"Drama, Music",15,10,2014,1:46:00,8.5,1061530,A promising young drummer enrolls at a cut-throat music conservatory where his dreams of greatness are mentored by an instructor who will stop at nothing to realize a student's potential.,"Miles Teller, J.K. Simmons, Melissa Benoist",N/A,"$14,003,391",Won 3 Oscars. 99 wins & 144 nominations total
Harakiri,40,"Drama, Mystery",4,8,1962,2:13:00,8.6,78283,"When a ronin requesting seppuku at a feudal lord's palace is told of the brutal suicide of another ronin who previously visited, he reveals how their pasts are intertwined - and in doing so challenges the clan's integrity.","Tatsuya Nakadai, Akira Ishihama, Shima Iwashita",N/A,N/A,9 wins & 3 nominations total
American History X,41,"Crime, Drama",20,11,1998,1:59:00,8.5,1225101,"Living a life marked by violence, neo-Nazi Derek finally goes to prison after killing two black youths. Upon his release, Derek vows to change; he hopes to prevent his brother, Danny, who idolizes Derek, from following in his footsteps.","Edward Norton, Edward Furlong, Beverly D'Angelo",N/A,"$6,719,864",Nominated for 1 Oscar. 4 wins & 15 nominations total
The Prestige,42,"Drama, Mystery, Sci-Fi",20,10,2006,2:10:00,8.5,1503694,Rival 19th-century magicians engage in a bitter battle for trade secrets.,"Christian Bale, Hugh Jackman, Scarlett Johansson",N/A,"$53,089,891",Nominated for 2 Oscars. 6 wins & 44 nominations total
Léon: The Professional,43,"Action, Crime, Drama",18,11,1994,1:50:00,8.5,1294975,"12-year-old Mathilda is reluctantly taken in by Léon, a professional assassin, after her family is murdered. An unusual relationship forms as she becomes his protégée and learns the assassin's trade.","Jean Reno, Gary Oldman, Natalie Portman",N/A,"$19,501,238",5 wins & 16 nominations total
Spider-Man: Across the Spider-Verse,44,"Animation, Action, Adventure",2,6,2023,2:20:00,8.5,442736,"Traveling across the multiverse, Miles Morales meets a new team of Spider-People, made up of heroes from different dimensions. But when the heroes clash over how to deal with a new threat, Miles finds himself at a crossroads.","Shameik Moore, Hailee Steinfeld, Brian Tyree Henry",N/A,"$381,593,754",Nominated for 1 Oscar. 106 wins & 165 nominations total
Casablanca,45,"Drama, Romance, War",23,1,1942,1:42:00,8.5,627926,A cynical expatriate American cafe owner struggles to decide whether or not to help his former lover and her fugitive husband escape the Nazis in French Morocco.,"Humphrey Bogart, Ingrid Bergman, Paul Henreid",N/A,"$4,219,709",Won 3 Oscars. 17 wins & 11 nominations total
The Usual Suspects,46,"Crime, Drama, Mystery",16,8,1995,1:46:00,8.5,1183493,The sole survivor of a pier shoot-out tells the story of how a notorious criminal influenced the events that began with five criminals meeting in a seemingly random police lineup.,"Kevin Spacey, Gabriel Byrne, Chazz Palminteri",N/A,"$23,341,568",Won 2 Oscars. 37 wins & 17 nominations total
The Intouchables,47,"Comedy, Drama",2,11,2011,1:52:00,8.5,970923,"After he becomes a quadriplegic from a paragliding accident, an aristocrat hires a young man from the projects to be his caregiver.","François Cluzet, Omar Sy, Anne Le Ny",N/A,"$10,198,820",Nominated for 1 BAFTA Award38 wins & 40 nominations total
Cinema Paradiso,48,"Drama, Romance",23,2,1988,2:54:00,8.5,298960,"Salvatore, a famous film director, returns to his hometown for the funeral of the local theater's film projectionist, Alfredo. He reminisces about his life as a young boy falling in love with cinema.","Philippe Noiret, Enzo Cannavale, Antonella Attili",N/A,"$12,397,210",Won 1 Oscar. 25 wins & 33 nominations total
Modern Times,49,"Comedy, Drama, Romance",25,2,1936,1:27:00,8.5,271042,The Tramp struggles to live in modern industrial society with the help of a young homeless woman.,"Charles Chaplin, Paulette Goddard, Henry Bergman",N/A,"$163,577",4 wins & 1 nomination total
Alien,50,"Horror, Sci-Fi",22,6,1979,1:57:00,8.5,1009021,"After investigating a mysterious transmission of unknown origin, the crew of a commercial spacecraft encounters a deadly lifeform.","Sigourney Weaver, Tom Skerritt, John Hurt",N/A,"$84,206,106",Won 1 Oscar. 19 wins & 22 nominations total
Rear Window,51,"Drama, Mystery, Thriller",1,9,1954,1:52:00,8.5,542861,A bored photographer recovering from a broken leg passes the time by watching his neighbors and begins to suspect one of them of murder.,"James Stewart, Grace Kelly, Wendell Corey",N/A,"$36,764,313",Nominated for 4 Oscars. 6 wins & 13 nominations total
Once Upon a Time in the West,52,"Drama, Western",4,7,1968,2:46:00,8.5,365567,A mysterious stranger with a harmonica joins forces with a notorious desperado to protect a beautiful widow from a ruthless assassin working for the railroad.,"Henry Fonda, Charles Bronson, Claudia Cardinale",N/A,"$5,321,508",6 wins & 5 nominations total
Django Unchained,53,Western,25,12,2012,2:45:00,8.5,1775407,"With the help of a German bounty-hunter, a freed slave sets out to rescue his wife from a brutal plantation owner in Mississippi.","Jamie Foxx, Christoph Waltz, Leonardo DiCaprio",N/A,"$162,805,434",Won 2 Oscars. 58 wins & 158 nominations total
City Lights,54,"Comedy, Drama, Romance",7,3,1931,1:27:00,8.5,205594,"With the aid of a wealthy erratic tippler, a dewy-eyed tramp who has fallen in love with a sightless flower girl accumulates money to be able to help her medically.","Charles Chaplin, Virginia Cherrill, Florence Lee",N/A,"$19,181",6 wins total
Apocalypse Now,55,"Drama, Mystery, War",15,8,1979,2:27:00,8.4,737323,A U.S. Army officer serving in Vietnam is tasked with assassinating a renegade Special Forces Colonel who sees himself as a god.,"Martin Sheen, Marlon Brando, Robert Duvall",N/A,"$96,042,913",Won 2 Oscars. 21 wins & 33 nominations total
Dune: Part Two,56,"Action, Adventure, Drama",1,3,2024,2:46:00,8.5,612495,"Paul Atreides unites with the Fremen while on a warpath of revenge against the conspirators who destroyed his family. Facing a choice between the love of his life and the fate of the universe, he endeavors to prevent a terrible future.","Timothée Chalamet, Zendaya, Rebecca Ferguson",N/A,"$282,144,358",Won 2 Oscars. 106 wins & 367 nominations total
Memento,57,"Mystery, Thriller",25,5,2000,1:53:00,8.4,1370416,"Leonard Shelby, an insurance investigator, suffers from anterograde amnesia and uses notes and tattoos to hunt for the man he thinks killed his wife, which is the last thing he remembers.","Guy Pearce, Carrie-Anne Moss, Joe Pantoliano",N/A,"$25,544,867",Nominated for 2 Oscars. 57 wins & 59 nominations total
WALL·E,58,"Animation, Adventure, Family",27,6,2008,1:38:00,8.4,1251312,"A robot who is responsible for cleaning a waste-covered Earth meets another robot and falls in love with her. Together, they set out on a journey that will alter the fate of mankind.","Ben Burtt, Elissa Knight, Jeff Garlin",N/A,"$223,808,164",Won 1 Oscar. 96 wins & 95 nominations total
Raiders of the Lost Ark,59,"Action, Adventure",12,6,1981,1:55:00,8.4,1068505,"In 1936, archaeologists and adventurers of the U.S. government hired Indiana Jones to find the Ark of the Covenant before the Nazis could obtain its extraordinary powers.","Harrison Ford, Karen Allen, Paul Freeman",N/A,"$248,159,971",Won 4 Oscars. 38 wins & 25 nominations total
The Lives of Others,60,"Drama, Mystery, Thriller",30,3,2006,2:17:00,8.4,425424,"In 1984 East Berlin, an agent of the secret police conducting surveillance on a writer and his lover finds himself becoming increasingly absorbed by their lives.","Ulrich Mühe, Martina Gedeck, Sebastian Koch",N/A,"$11,286,112",Won 1 Oscar. 80 wins & 38 nominations total
Avengers: Infinity War,61,"Action, Adventure, Sci-Fi",27,4,2018,2:29:00,8.4,1273851,The Avengers and their allies must be willing to sacrifice all in an attempt to defeat the powerful Thanos before his blitz of devastation and ruin puts an end to the universe.,"Robert Downey Jr., Chris Hemsworth, Mark Ruffalo",N/A,"$678,815,482",Nominated for 1 Oscar. 48 wins & 81 nominations total
Sunset Boulevard,62,"Drama, Film-Noir",4,8,1950,1:50:00,8.4,247353,A screenwriter develops a dangerous relationship with a faded film star determined to make a triumphant return.,"William Holden, Gloria Swanson, Erich von Stroheim",N/A,"$299,645",Won 3 Oscars. 19 wins & 20 nominations total
Spider-Man: Into the Spider-Verse,63,"Animation, Action, Adventure",14,12,2018,1:57:00,8.4,721605,Teen Miles Morales becomes the Spider-Man of his universe and must join with five spider-powered individuals from other dimensions to stop a threat for all realities.,"Shameik Moore, Jake Johnson, Hailee Steinfeld",N/A,"$190,241,310",Won 1 Oscar. 85 wins & 61 nominations total
Paths of Glory,64,"Drama, War",25,12,1957,1:28:00,8.4,224554,A colonel defends three of his soldiers in a court-martial after they abandon a suicidal attack.,"Kirk Douglas, Ralph Meeker, Adolphe Menjou",N/A,N/A,Nominated for 1 BAFTA Award5 wins & 3 nominations total
Witness for the Prosecution,65,"Crime, Drama, Mystery",6,2,1957,1:56:00,8.4,148565,A veteran British barrister must defend his client in a murder trial that has surprise after surprise.,"Tyrone Power, Marlene Dietrich, Charles Laughton",N/A,N/A,Nominated for 6 Oscars. 3 wins & 15 nominations total
The Shining,66,"Drama, Horror",13,6,1980,2:26:00,8.4,1159124,"A family heads to an isolated hotel for the winter, where a sinister presence influences the father into violence. At the same time, his psychic son sees horrifying forebodings from both the past and the future.","Jack Nicholson, Shelley Duvall, Danny Lloyd",N/A,"$45,634,352",6 wins & 9 nominations total
The Great Dictator,67,"Comedy, Drama, War",7,3,1940,2:05:00,8.4,247582,Dictator Adenoid Hynkel tries to expand his empire while a poor Jewish barber tries to avoid persecution from Hynkel's regime.,"Charles Chaplin, Paulette Goddard, Jack Oakie",N/A,N/A,Nominated for 5 Oscars. 7 wins & 6 nominations total
12th Fail,68,"Biography, Drama",27,10,2023,2:27:00,8.8,144465,The real-life story of IPS Officer Manoj Kumar Sharma and IRS Officer Shraddha Joshi.,"Vikrant Massey, Medha Shankr, Anant Joshi",N/A,N/A,27 wins & 37 nominations total
Aliens,69,"Action, Adventure, Horror",18,7,1986,2:17:00,8.4,804281,"Decades after surviving the Nostromo incident, Ellen Ripley is sent out to re-establish contact with a terraforming colony but finds herself battling the Alien Queen and her offspring.","Sigourney Weaver, Michael Biehn, Carrie Henn",N/A,"$85,160,248",Won 2 Oscars. 20 wins & 25 nominations total
Inglourious Basterds,70,"Adventure, Drama, War",21,8,2009,2:33:00,8.4,1666779,"In Nazi-occupied France during World War II, a plan to assassinate Nazi leaders by a group of Jewish U.S. soldiers coincides with a theatre owner's vengeful plans for the same.","Brad Pitt, Diane Kruger, Eli Roth",N/A,"$120,540,719",Won 1 Oscar. 134 wins & 173 nominations total
The Dark Knight Rises,71,"Action, Drama, Thriller",20,7,2012,2:44:00,8.4,1900670,"Bane, an imposing terrorist, attacks Gotham City and disrupts its eight-year-long period of peace. This forces Bruce Wayne to come out of hiding and don the cape and cowl of Batman again.","Christian Bale, Tom Hardy, Anne Hathaway",N/A,"$448,149,584",Nominated for 1 BAFTA Award45 wins & 103 nominations total
Coco,72,"Animation, Adventure, Drama",22,11,2017,1:45:00,8.4,641636,"Aspiring musician Miguel, confronted with his family's ancestral ban on music, enters the Land of the Dead to find his great-great-grandfather, a legendary singer.","Anthony Gonzalez, Gael García Bernal, Benjamin Bratt",N/A,"$210,460,015",Won 2 Oscars. 112 wins & 42 nominations total
Amadeus,73,"Biography, Drama, Music",19,9,1984,2:40:00,8.4,445924,"The life, success and troubles of Wolfgang Amadeus Mozart, as told by Antonio Salieri, the contemporaneous composer who was deeply jealous of Mozart's talent and claimed to have murdered him.","F. Murray Abraham, Tom Hulce, Elizabeth Berridge",N/A,"$51,973,029",Won 8 Oscars. 43 wins & 15 nominations total
Toy Story,74,"Animation, Adventure, Comedy",22,11,1995,1:21:00,8.3,1114445,A cowboy doll is profoundly threatened and jealous when a new spaceman action figure supplants him as top toy in a boy's bedroom.,"Tom Hanks, Tim Allen, Don Rickles",N/A,"$223,225,679",Nominated for 3 Oscars. 29 wins & 24 nominations total
Avengers: Endgame,75,"Action, Adventure, Sci-Fi",26,4,2019,3:01:00,8.4,1341137,"After the devastating events of Avengers: Infinity War (2018), the universe is in ruins. With the help of remaining allies, the Avengers assemble once more in order to reverse Thanos' actions and restore balance to the universe.","Robert Downey Jr., Chris Evans, Mark Ruffalo",N/A,"$858,373,000",Nominated for 1 Oscar. 71 wins & 133 nominations total
Good Will Hunting,76,"Drama, Romance",9,1,1997,2:06:00,8.3,1127711,"Will Hunting, a janitor at MIT, has a gift for mathematics, but needs help from a psychologist to find direction in his life.","Robin Williams, Matt Damon, Ben Affleck",N/A,"$138,433,435",Won 2 Oscars. 25 wins & 61 nominations total
Oldboy,77,"Action, Drama, Mystery",21,11,2003,2:00:00,8.3,672828,"After being kidnapped and imprisoned for fifteen years, Oh Dae-Su is released, only to find that he must track down his captor in five days.","Choi Min-sik, Yoo Ji-tae, Kang Hye-jeong",N/A,"$2,458,200",43 wins & 28 nominations total
Dr. Strangelove or: How I Learned to Stop Worrying and Love the Bomb,78,"Comedy, War",29,1,1964,1:35:00,8.3,535567,"A mentally unstable American general orders a hydrogen bomb attack on the Soviet Union, triggering a path to global nuclear holocaust that a war room full of politicians and generals frantically tries to stop.","Peter Sellers, George C. Scott, Sterling Hayden",N/A,"$9,440,272",Nominated for 4 Oscars. 14 wins & 11 nominations total
American Beauty,79,Drama,1,10,1999,2:02:00,8.3,1243804,A sexually frustrated suburban father has a mid-life crisis after becoming infatuated with his daughter's best friend.,"Kevin Spacey, Annette Bening, Thora Birch",N/A,"$130,096,601",Won 5 Oscars. 112 wins & 102 nominations total
Das Boot,80,"Drama, War",10,2,1981,2:29:00,8.4,277881,A German U-boat stalks the frigid waters of the North Atlantic as its young crew experience the sheer terror and claustrophobic life of a submariner in World War II.,"Jürgen Prochnow, Herbert Grönemeyer, Klaus Wennemann",N/A,"$11,487,676",Nominated for 6 Oscars. 13 wins & 12 nominations total
Braveheart,81,"Biography, Drama, War",24,5,1995,2:58:00,8.3,1124046,Scottish warrior William Wallace leads his countrymen in a rebellion to free his homeland from the tyranny of King Edward I of England.,"Mel Gibson, Sophie Marceau, Patrick McGoohan",N/A,"$75,609,945",Won 5 Oscars. 34 wins & 34 nominations total
Princess Mononoke,82,"Animation, Adventure, Fantasy",12,7,1997,2:13:00,8.3,455522,"While seeking to cure himself of a curse, young warrior Ashitaka stumbles into a conflict between the people of Iron Town and Princess Mononoke, a girl raised by wolves, who will stop at nothing to prevent the destruction of her home.","Yôji Matsuda, Yuriko Ishida, Yûko Tanaka",N/A,"$4,845,631",14 wins & 6 nominations total
Your Name.,83,"Animation, Drama, Fantasy",7,4,2016,1:46:00,8.4,350970,"Two teenagers share a profound, magical connection upon discovering they are swapping bodies. Things manage to become even more complicated when the boy and girl decide to meet in person.","Ryunosuke Kamiki, Mone Kamishiraishi, Ryo Narita",N/A,"$5,017,246",17 wins & 27 nominations total
High and Low,84,"Crime, Drama, Mystery",26,11,1963,2:23:00,8.4,58942,An executive of a Yokohama shoe company becomes a victim of extortion when his chauffeur's son is kidnapped by mistake and held for ransom.,"Toshirô Mifune, Yutaka Sada, Tatsuya Nakadai",N/A,"$46,808",3 wins & 3 nominations total
3 Idiots,85,"Comedy, Drama",25,12,2009,2:50:00,8.4,454742,"Two friends are searching for their long lost companion. They revisit their college days and recall the memories of their friend who inspired them to think differently, even as the rest of the world called them ""idiots"".","Aamir Khan, Madhavan, Mona Singh",N/A,"$6,532,874",64 wins & 30 nominations
Joker,86,"Crime, Drama, Thriller",4,10,2019,2:02:00,8.3,1594105,"Arthur Fleck, a party clown and a failed stand-up comedian, leads an impoverished life with his ailing mother. However, when society shuns him and brands him as a freak, he decides to embrace the life of chaos in Gotham City.","Joaquin Phoenix, Robert De Niro, Zazie Beetz",N/A,"$335,477,657",Won 2 Oscars. 121 wins & 247 nominations total
Once Upon a Time in America,87,"Crime, Drama",1,6,1984,3:49:00,8.3,392470,"A former Prohibition-era Jewish gangster returns to the Lower East Side of Manhattan 35 years later, where he must once again confront the ghosts and regrets of his old life.","Robert De Niro, James Woods, Elizabeth McGovern",N/A,"$5,321,508",Won 2 BAFTA 11 wins & 13 nominations total
Capernaum,88,Drama,20,9,2018,2:06:00,8.4,114594,"While serving a five-year sentence for a violent crime, a 12-year-old boy sues his parents for neglect.","Zain Al Rafeea, Yordanos Shiferaw, Boluwatife Treasure Bankole",N/A,"$1,661,096",Nominated for 1 Oscar. 37 wins & 55 nominations total
Singin' in the Rain,89,"Comedy, Musical, Romance",10,4,1952,1:43:00,8.3,270859,A silent film star falls for a chorus girl just as he and his delusionally jealous screen partner are trying to make the difficult transition to talking pictures in 1920s Hollywood.,"Gene Kelly, Donald O'Connor, Debbie Reynolds",N/A,"$1,884,537",Nominated for 2 Oscars. 11 wins & 11 nominations total
Come and See,90,"Drama, Thriller, War",3,9,1985,2:22:00,8.3,109893,"After finding an old rifle, a young boy joins the Soviet resistance movement against ruthless German forces and experiences the horrors of World War II.","Aleksey Kravchenko, Olga Mironova, Liubomiras Laucevicius",N/A,"$71,909",3 wins
Requiem for a Dream,91,Drama,15,12,2000,1:42:00,8.3,933132,The drug-induced utopias of four Coney Island people are shattered when their addictions run deep.,"Ellen Burstyn, Jared Leto, Jennifer Connelly",N/A,"$3,635,482",Nominated for 1 Oscar. 37 wins & 69 nominations total
Toy Story 3,92,"Animation, Adventure, Comedy",18,6,2010,1:43:00,8.3,925497,"The toys are mistakenly delivered to a day-care center instead of the attic right before Andy leaves for college, and it's up to Woody to convince the other toys that they weren't abandoned and to return home.","Tom Hanks, Tim Allen, Joan Cusack",N/A,"$415,004,880",Won 2 Oscars. 63 wins & 96 nominations total
Star Wars: Episode VI - Return of the Jedi,93,"Action, Adventure, Fantasy",25,5,1983,2:11:00,8.3,1157278,"After rescuing Han Solo from Jabba the Hutt, the Rebel Alliance attempts to destroy the second Death Star while Luke struggles to help Darth Vader back from the dark side.","Mark Hamill, Harrison Ford, Carrie Fisher",N/A,"$316,566,101",Nominated for 4 Oscars. 25 wins & 23 nominations total
The Hunt,94,Drama,14,11,2012,1:55:00,8.3,384955,"A teacher lives a lonely life, all the while struggling over his son's custody. His life slowly gets better as he finds love and receives good news from his son, but his new luck is about to be brutally shattered by an innocent little lie.","Mads Mikkelsen, Thomas Bo Larsen, Annika Wedderkopp",N/A,"$613,308",Nominated for 1 Oscar. 38 wins & 73 nominations total
Eternal Sunshine of the Spotless Mind,95,"Drama, Romance, Sci-Fi",19,3,2004,1:48:00,8.3,1128663,"When their relationship turns sour, a couple undergoes a medical procedure to have each other erased from their memories forever.","Jim Carrey, Kate Winslet, Tom Wilkinson",N/A,"$34,400,301",Won 1 Oscar. 73 wins & 111 nominations total
Ikiru,96,Drama,25,3,1952,2:23:00,8.3,95353,A bureaucrat tries to find meaning in his life after he discovers he has terminal cancer.,"Takashi Shimura, Nobuo Kaneko, Shin'ichi Himori",N/A,"$60,239",Nominated for 1 BAFTA Award6 wins & 2 nominations total
2001: A Space Odyssey,97,"Adventure, Sci-Fi",12,5,1968,2:29:00,8.3,748666,"When a mysterious artifact is uncovered on the Moon, a spacecraft manned by two humans and one supercomputer is sent to Jupiter to find its origins.","Keir Dullea, Gary Lockwood, William Sylvester",N/A,"$60,481,243",Won 1 Oscar. 18 wins & 14 nominations total
Reservoir Dogs,98,"Crime, Thriller",2,9,1992,1:39:00,8.3,1125993,"When a simple jewelry heist goes horribly wrong, the surviving criminals begin to suspect that one of them is a police informant.","Harvey Keitel, Tim Roth, Michael Madsen",N/A,"$2,832,029",13 wins & 23 nominations total
The Apartment,99,"Comedy, Drama, Romance",29,6,1960,2:05:00,8.3,207419,"A Manhattan insurance clerk tries to rise in his company by letting its executives use his apartment for trysts, but office politics and his own romantic hopes complicate matters.","Jack Lemmon, Shirley MacLaine, Fred MacMurray",N/A,"$18,600,000",Won 5 Oscars. 25 wins & 8 nominations total
Incendies,100,"Drama, Mystery, War",22,4,2010,2:11:00,8.3,223939,Twins journey to the Middle East to discover their family history and fulfill their mother's last wishes.,"Lubna Azabal, Mélissa Désormeaux-Poulin, Maxim Gaudette",N/A,"$2,071,334",Nominated for 1 Oscar. 41 wins & 20 nominations total
Lawrence of Arabia,101,"Adventure, Biography, Drama",2,4,1962,3:47:00,8.3,327173,"The story of T.E. Lawrence, the English officer who successfully united and led the diverse, often warring, Arab tribes during World War I in order to fight the Turks.","Peter O'Toole, Alec Guinness, Anthony Quinn",N/A,"$45,306,425",Won 7 Oscars. 31 wins & 14 nominations total
Scarface,102,"Crime, Drama",9,12,1983,2:50:00,8.3,956520,"In the 1980s, a determined criminal-minded Cuban immigrant becomes the biggest drug smuggler in Miami, and is eventually undone by his own drug addiction.","Al Pacino, Michelle Pfeiffer, Steven Bauer",N/A,"$45,967,303",8 nominations total
Double Indemnity,103,"Crime, Drama, Film-Noir",6,7,1944,1:47:00,8.3,173732,"An insurance representative is seduced by a dissatisfied housewife into a scheme of insurance fraud and murder that arouses the suspicion of his colleague, a claims investigator.","Fred MacMurray, Barbara Stanwyck, Edward G. Robinson",N/A,N/A,Nominated for 7 Oscars. 2 wins & 9 nominations total
North by Northwest,104,"Adventure, Drama, Mystery",18,12,1959,2:16:00,8.3,358808,"A New York City advertising executive goes on the run after being mistaken for a government agent by a group of foreign spies, and falls for a woman whose loyalties he begins to doubt.","Cary Grant, Eva Marie Saint, James Mason",N/A,"$66,728",Nominated for 3 Oscars. 9 wins & 7 nominations total
Heat,105,"Action, Crime, Drama",15,12,1995,2:50:00,8.3,749607,A group of high-end professional thieves start to feel the heat from the LAPD when they unknowingly leave a verbal clue at their latest heist.,"Al Pacino, Robert De Niro, Val Kilmer",N/A,"$67,436,818",15 nominations total
Citizen Kane,106,"Drama, Mystery",5,9,1941,1:59:00,8.3,478921,"Following the death of publishing tycoon Charles Foster Kane, reporters scramble to uncover the meaning of his final utterance: 'Rosebud.'","Orson Welles, Joseph Cotten, Dorothy Comingore",N/A,"$1,627,530",Won 1 Oscar. 16 wins & 13 nominations total
Up,107,"Animation, Adventure, Comedy",23,7,2009,1:36:00,8.3,1172660,"78-year-old Carl Fredricksen travels to South America in his house equipped with balloons, inadvertently taking a young stowaway.","Edward Asner, Jordan Nagai, John Ratzenberger",N/A,"$293,004,164",Won 2 Oscars. 81 wins & 88 nominations total
M,108,"Crime, Mystery, Thriller",31,8,1931,1:39:00,8.3,175870,"When the police in a German city are unable to catch a child-murderer, other criminals join in the manhunt.","Peter Lorre, Ellen Widmann, Inge Landgut",N/A,"$35,566",2 wins total
Full Metal Jacket,109,"Drama, War",10,7,1987,1:56:00,8.2,816722,A pragmatic U.S. Marine observes the dehumanizing effects the Vietnam War has on his fellow recruits from their brutal boot camp training to the bloody street fighting in Hue.,"Matthew Modine, R. Lee Ermey, Vincent D'Onofrio",N/A,"$46,357,676",Nominated for 1 Oscar. 8 wins & 15 nominations total
Vertigo,110,"Mystery, Romance, Thriller",28,5,1958,2:08:00,8.3,442595,"A former San Francisco police detective juggles wrestling with his personal demons and becoming obsessed with the hauntingly beautiful woman he has been hired to trail, who may be deeply disturbed.","James Stewart, Kim Novak, Barbara Bel Geddes",N/A,"$7,705,225",Nominated for 2 Oscars. 9 wins & 7 nominations total
Amélie,111,"Comedy, Romance",8,2,2001,2:02:00,8.3,814892,"Despite being caught in her imaginative world, young waitress Amelie decides to help people find happiness. Her quest to spread joy leads her on a journey during which she finds true love.","Audrey Tautou, Mathieu Kassovitz, Rufus",N/A,"$33,712,444",Nominated for 5 Oscars. 59 wins & 74 nominations total
A Clockwork Orange,112,"Crime, Sci-Fi",2,2,1971,2:16:00,8.2,907116,Alex DeLarge and his droogs barbarize a decaying near-future.,"Malcolm McDowell, Patrick Magee, Michael Bates",N/A,"$26,617,553",Nominated for 4 Oscars. 12 wins & 26 nominations total
A Separation,113,Drama,16,3,2011,2:03:00,8.3,267758,A married couple are faced with a difficult decision - to improve the life of their child by moving to another country or to stay in Iran and look after a deteriorating parent who has Alzheimer's disease.,"Payman Maadi, Leila Hatami, Sareh Bayat",N/A,"$7,099,055",Won 1 Oscar. 88 wins & 52 nominations total
To Kill a Mockingbird,114,"Crime, Drama",16,3,1962,2:09:00,8.3,341818,A widowed lawyer in Depression-era Alabama defends a black man against a false rape charge while teaching his young children about the sad reality of prejudice.,"Gregory Peck, John Megna, Frank Overton",N/A,"$592,237",Won 3 Oscars. 14 wins & 16 nominations total
Oppenheimer,115,"Biography, Drama, History",21,7,2023,3:00:00,8.3,865749,"A dramatization of the life story of J. Robert Oppenheimer, the physicist who had a large hand in the development of the atomic bombs that brought an end to World War II.","Cillian Murphy, Emily Blunt, Matt Damon",N/A,"$330,050,270",Won 7 Oscars. 361 wins & 371 nominations total
Die Hard,116,"Action, Thriller",20,7,1988,2:12:00,8.2,984993,A New York City police officer tries to save his estranged wife and several others taken hostage by terrorists during a Christmas party at the Nakatomi Plaza in Los Angeles.,"Bruce Willis, Alan Rickman, Bonnie Bedelia",N/A,"$85,892,546",Nominated for 4 Oscars. 8 wins & 9 nominations total
The Sting,117,"Comedy, Crime, Drama",25,12,1973,2:09:00,8.3,288681,Two grifters team up to pull off the ultimate con.,"Paul Newman, Robert Redford, Robert Shaw",N/A,"$156,000,000",Won 7 Oscars. 18 wins & 6 nominations total
Like Stars on Earth,118,"Drama, Family",21,12,2007,2:42:00,8.3,215945,A young boy is thought to be nothing but a lazy troublemaker until the new art teacher has the patience and compassion to discover the real problem behind his struggles in school.,"Darsheel Safary, Aamir Khan, Tisca Chopra",N/A,"$1,223,869",28 wins & 18 nominations total
Indiana Jones and the Last Crusade,119,"Action, Adventure",24,5,1989,2:07:00,8.2,834251,"In 1938, after his father goes missing while pursuing the Holy Grail, Indiana Jones finds himself up against the Nazis again to stop them from obtaining its powers.","Harrison Ford, Sean Connery, Alison Doody",N/A,"$197,171,806",Won 1 Oscar. 9 wins & 24 nominations total
Metropolis,120,"Drama, Sci-Fi",13,3,1927,2:33:00,8.3,193026,"In a futuristic city sharply divided between the working class and the city planners, the son of the city's mastermind falls in love with a working-class prophet who predicts the coming of a savior to mediate their differences.","Brigitte Helm, Alfred Abel, Gustav Fröhlich",N/A,"$1,236,166",7 wins & 6 nominations
Snatch,121,"Comedy, Crime",19,1,2000,1:42:00,8.2,940505,"Unscrupulous boxing promoters, violent bookmakers, a Russian gangster, incompetent amateur robbers and supposedly Jewish jewelers fight to track down a priceless stolen diamond.","Jason Statham, Brad Pitt, Stephen Graham",N/A,"$30,328,156",4 wins & 7 nominations total
1917,122,"Action, Drama, War",10,1,2019,1:59:00,8.2,720701,"April 6th, 1917. As an infantry battalion assembles to wage war deep in enemy territory, two soldiers are assigned to race against time and deliver a message that will stop 1,600 men from walking straight into a deadly trap.","Dean-Charles Chapman, George MacKay, Daniel Mays",N/A,"$159,227,644",Won 3 Oscars. 135 wins & 207 nominations total
L.A. Confidential,123,"Crime, Drama, Mystery",19,9,1997,2:18:00,8.2,637891,"As corruption grows in 1950s Los Angeles, three policemen - one strait-laced, one brutal, and one sleazy - investigate a series of murders with their own brand of justice.","Kevin Spacey, Russell Crowe, Guy Pearce",N/A,"$64,616,940",Won 2 Oscars. 91 wins & 86 nominations total
Bicycle Thieves,124,Drama,13,12,1948,1:29:00,8.2,183934,"In post-war Italy, a working-class man's bicycle is stolen, endangering his efforts to find work. He and his son set out to find it.","Lamberto Maggiorani, Enzo Staiola, Lianella Carell",N/A,"$371,111",Nominated for 1 Oscar. 18 wins & 1 nomination total
Downfall,125,"Biography, Drama, History",8,4,2004,2:36:00,8.2,386338,"Traudl Junge, the final secretary for Adolf Hitler, tells of the Nazi dictator's final days in his Berlin bunker at the end of WWII.","Bruno Ganz, Alexandra Maria Lara, Ulrich Matthes",N/A,"$5,509,040",Nominated for 1 Oscar. 22 wins & 34 nominations total
Dangal,126,"Action, Biography, Drama",21,12,2016,2:41:00,8.3,223201,"Mahavir Singh Phogat, a former wrestler, decides to fulfill his dream of winning a gold medal for his country by training his daughters for the Commonwealth Games despite the existing social stigmas.","Aamir Khan, Sakshi Tanwar, Fatima Sana Shaikh",N/A,"$12,391,761",41 wins & 38 nominations total
Taxi Driver,127,"Crime, Drama",9,2,1976,1:54:00,8.2,970671,"A mentally unstable veteran works as a nighttime taxi driver in New York City, where the perceived decadence and sleaze fuels his urge for violent action.","Robert De Niro, Jodie Foster, Cybill Shepherd",N/A,"$28,262,574",Nominated for 4 Oscars. 22 wins & 21 nominations total
Hamilton,128,"Biography, Drama, History",3,7,2020,2:40:00,8.3,125872,"The real life of one of America's foremost founding fathers and first Secretary of the Treasury, Alexander Hamilton. Captured live on Broadway from the Richard Rodgers Theater with the original Broadway cast.","Lin-Manuel Miranda, Phillipa Soo, Leslie Odom Jr.",N/A,N/A,Won 2 Primetime Emmys. 19 wins & 46 nominations total
The Wolf of Wall Street,129,"Biography, Comedy, Crime",25,12,2013,3:00:00,8.2,1668534,"Based on the true story of Jordan Belfort, from his rise to a wealthy stock-broker living the high life to his fall involving crime, corruption and the federal government.","Leonardo DiCaprio, Jonah Hill, Margot Robbie",N/A,"$116,900,694",Nominated for 5 Oscars. 38 wins & 180 nominations total
Batman Begins,130,"Action, Drama",15,6,2005,2:20:00,8.2,1636087,"After witnessing his parents' death, billionaire Bruce Wayne learns the art of fighting to confront injustice. When he returns to Gotham as Batman, he must stop a secret society that intends to destroy the city.","Christian Bale, Michael Caine, Ken Watanabe",N/A,"$206,863,479",Nominated for 1 Oscar. 15 wins & 79 nominations total
Green Book,131,"Biography, Comedy, Drama",16,11,2018,2:10:00,8.2,627163,A working-class Italian-American bouncer becomes the driver for an African-American classical pianist on a tour of venues through the 1960s American South.,"Viggo Mortensen, Mahershala Ali, Linda Cardellini",N/A,"$85,080,171",Won 3 Oscars. 58 wins & 123 nominations total
For a Few Dollars More,132,"Drama, Western",10,5,1965,2:12:00,8.2,286271,Two bounty killers with similar intentions but different motivations team up to track down a psychotic Mexican outlaw before he and his gang can carry out an audacious bank robbery.,"Clint Eastwood, Lee Van Cleef, Gian Maria Volontè",N/A,"$15,000,000",3 nominations total
The Truman Show,133,"Comedy, Drama",5,6,1998,1:43:00,8.2,1266361,An insurance salesman begins to suspect that his whole life is actually some sort of reality TV show.,"Jim Carrey, Ed Harris, Laura Linney",N/A,"$125,618,201",Nominated for 3 Oscars. 41 wins & 69 nominations total
Judgment at Nuremberg,134,"Drama, War",18,12,1961,2:59:00,8.3,90459,"Fictionalized depiction of the 1947 Judges' Trial, the third of twelve trials of Nazi war criminals conducted by the American occupying forces in Nuremberg, Germany, in which former judges of Nazi Germany were tried for their actions.","Spencer Tracy, Burt Lancaster, Richard Widmark",N/A,N/A,Won 2 Oscars. 16 wins & 26 nominations total
Some Like It Hot,135,"Comedy, Music, Romance",19,3,1959,2:01:00,8.2,293294,"After two male musicians witness a mob hit, they flee the state in an all-female band disguised as women, but further complications set in.","Marilyn Monroe, Tony Curtis, Jack Lemmon",N/A,N/A,Won 1 Oscar. 11 wins & 13 nominations total
The Kid,136,"Comedy, Drama, Family",6,2,1921,1:08:00,8.2,140239,"The Tramp cares for an abandoned child, but events put their relationship in jeopardy.","Charles Chaplin, Edna Purviance, Jackie Coogan",N/A,N/A,2 wins total
Shutter Island,137,"Drama, Mystery, Thriller",19,2,2010,2:18:00,8.2,1535485,Two US marshals are sent to a mental institution on an inhospitable island in order to investigate the disappearance of a patient.,"Leonardo DiCaprio, Emily Mortimer, Mark Ruffalo",N/A,"$128,012,934",11 wins & 66 nominations total
The Father,138,"Drama, Mystery",26,2,2020,1:37:00,8.2,210256,"A man refuses all assistance from his daughter as he ages. When he tries to understand what is happening around him, he begins to doubt his loved ones, his own mind and even the fabric of his reality.","Anthony Hopkins, Olivia Colman, Mark Gatiss",N/A,"$2,122,771",Won 2 Oscars. 38 wins & 173 nominations total
All About Eve,139,Drama,27,10,1950,2:18:00,8.2,143712,A seemingly timid but secretly ruthless ingénue insinuates herself into the lives of an aging Broadway star and her circle of theater friends.,"Bette Davis, Anne Baxter, George Sanders",N/A,"$63,463",Won 6 Oscars. 27 wins & 20 nominations total
Jurassic Park,140,"Action, Adventure, Sci-Fi",11,6,1993,2:07:00,8.2,1110699,"An industrialist invites some experts to visit his theme park of cloned dinosaurs. After a power failure, the creatures run loose, putting everyone's lives, including his grandchildren's, in danger.","Sam Neill, Laura Dern, Jeff Goldblum",N/A,"$407,185,075",Won 3 Oscars. 44 wins & 27 nominations total
There Will Be Blood,141,Drama,25,1,2007,2:38:00,8.2,666087,"A story of family, religion, hatred, oil and madness, focusing on a turn-of-the-century prospector in the early days of the business.","Daniel Day-Lewis, Paul Dano, Ciarán Hinds",N/A,"$40,222,514",Won 2 Oscars. 114 wins & 138 nominations total
Casino,142,"Crime, Drama",22,11,1995,2:58:00,8.2,587839,"In Las Vegas, two best friends--a casino executive and a Mafia enforcer--compete for a gambling empire and a fast-living, fast-loving socialite.","Robert De Niro, Sharon Stone, Joe Pesci",N/A,"$42,512,375",Nominated for 1 Oscar. 4 wins & 11 nominations total
The Sixth Sense,143,"Drama, Mystery, Thriller",6,8,1999,1:47:00,8.2,1092466,"After being shot by a resentful former patient whom he failed to help, a Philadelphia child psychologist seeks redemption by treating a young boy with a disturbing secret.","Bruce Willis, Haley Joel Osment, Toni Collette",N/A,"$293,506,292",Nominated for 6 Oscars. 37 wins & 56 nominations total
Ran,144,"Action, Drama, War",1,6,1985,2:40:00,8.2,142380,"In Medieval Japan, an elderly warlord retires, handing over his empire to his three sons. However, he vastly underestimates how the new-found power will corrupt them and cause them to turn on each other...and him.","Tatsuya Nakadai, Akira Terao, Jinpachi Nezu",N/A,"$4,135,750",Won 1 Oscar. 30 wins & 23 nominations total
Top Gun: Maverick,145,"Action, Drama",27,5,2022,2:10:00,8.2,762827,"The story involves Maverick confronting his past while training a group of younger Top Gun graduates, including the son of his deceased best friend, for a dangerous mission.","Tom Cruise, Jennifer Connelly, Miles Teller",N/A,"$718,732,821",Won 1 Oscar. 111 wins & 238 nominations total
No Country for Old Men,146,"Crime, Drama, Thriller",21,11,2007,2:02:00,8.2,1112865,Violence and mayhem ensue after a hunter stumbles upon the aftermath of a drug deal gone wrong and over two million dollars in cash near the Rio Grande.,"Tommy Lee Jones, Javier Bardem, Josh Brolin",N/A,"$74,283,625",Won 4 Oscars. 165 wins & 139 nominations total
The Thing,147,"Horror, Mystery, Sci-Fi",25,6,1982,1:49:00,8.2,493699,A research team in Antarctica is hunted by a shape-shifting alien that assumes the appearance of its victims.,"Kurt Russell, Wilford Brimley, Keith David",N/A,"$20,063,820",5 nominations total
Pan's Labyrinth,148,"Drama, Fantasy, War",19,1,2006,1:58:00,8.2,721594,"In 1944 Spain, a girl is sent to live with her ruthless stepfather. During the night, she meets a fairy who takes her to an old faun. He tells her she's a princess, but must prove her royalty by surviving three gruesome tasks.","Ivana Baquero, Ariadna Gil, Sergi López",N/A,"$37,646,380",Won 3 Oscars. 109 wins & 115 nominations total
Unforgiven,149,"Drama, Western",7,8,1992,2:10:00,8.2,451616,Retired Old West gunslinger Will Munny reluctantly takes on one last job to avenge an injustice with the help of his old partner and a newer outlaw known simply as The Schofield Kid.,"Clint Eastwood, Gene Hackman, Morgan Freeman",N/A,"$101,167,799",Won 4 Oscars. 51 wins & 47 nominations total
A Beautiful Mind,150,"Biography, Drama, Mystery",4,1,2001,2:15:00,8.2,1017065,"A mathematical genius, John Nash made an astonishing discovery early in his career and stood on the brink of international acclaim. But the handsome and arrogant Nash soon found himself on a harrowing journey of self-discovery.","Russell Crowe, Ed Harris, Jennifer Connelly",N/A,"$170,742,341",Won 4 Oscars. 37 wins & 69 nominations total
Kill Bill: Vol. 1,151,"Action, Crime, Thriller",10,10,2003,1:51:00,8.2,1242671,"After waking from a four-year coma, a former assassin wreaks vengeance on the team of assassins who betrayed her.","Uma Thurman, David Carradine, Daryl Hannah",N/A,"$70,099,045",Nominated for 5 BAFTA 30 wins & 103 nominations total
The Treasure of the Sierra Madre,152,"Adventure, Drama, Western",24,1,1948,2:06:00,8.2,136636,Two down-on-their-luck Americans searching for work in 1920s Mexico convince an old prospector to help them mine for gold in the Sierra Madre Mountains.,"Humphrey Bogart, Walter Huston, Tim Holt",N/A,"$5,014,000",Won 3 Oscars. 15 wins & 5 nominations total
Prisoners,153,"Crime, Drama, Mystery",20,9,2013,2:33:00,8.2,862467,"Keller Dover is facing every parent's worst nightmare. His six-year-old daughter, Anna, is missing, together with her friend, Joy, and as minutes turn to hours, panic sets in. The only lead is an RV that had been parked on their street.","Hugh Jackman, Jake Gyllenhaal, Viola Davis",N/A,"$61,002,302",Nominated for 1 Oscar. 10 wins & 38 nominations total
Yojimbo,154,"Action, Drama, Thriller",13,9,1961,1:50:00,8.2,136692,A crafty ronin comes to a town divided by two criminal gangs and decides to play them against each other to free the town.,"Toshirô Mifune, Eijirô Tôno, Tatsuya Nakadai",N/A,"$46,808",Nominated for 1 Oscar. 5 wins & 2 nominations total
Finding Nemo,155,"Animation, Adventure, Comedy",30,5,2003,1:40:00,8.2,1152509,"After his son is captured in the Great Barrier Reef and taken to Sydney, a timid clownfish sets out on a journey to bring him home.","Albert Brooks, Ellen DeGeneres, Alexander Gould",N/A,"$380,843,261",Won 1 Oscar. 49 wins & 63 nominations total
The Great Escape,156,"Adventure, Drama, Thriller",4,7,1963,2:52:00,8.2,266756,"Allied officers in a German prisoner of war camp during World War II making a daring plan for a mass escape by hundreds of their men, hoping to draw German personnel and resources away from combat operations.","Steve McQueen, James Garner, Richard Attenborough",N/A,N/A,Nominated for 1 Oscar. 3 wins & 12 nominations total
Monty Python and the Holy Grail,157,"Adventure, Comedy, Fantasy",18,7,1975,1:31:00,8.2,584792,"King Arthur and his Knights of the Round Table embark on a surreal, low-budget search for the Holy Grail, encountering many, very silly obstacles.","Graham Chapman, John Cleese, Eric Idle",N/A,"$2,562,392",2 wins & 2 nominations total
Howl's Moving Castle,158,"Animation, Adventure, Family",17,6,2004,1:59:00,8.2,477850,"When an unconfident young woman is cursed with an old body by a spiteful witch, her only chance of breaking the spell lies with a self-indulgent yet insecure young wizard and his companions in his legged, walking castle.","Chieko Baishô, Takuya Kimura, Tatsuya Gashûin",N/A,"$9,173,958",Nominated for 1 Oscar. 14 wins & 20 nominations total
The Elephant Man,159,"Biography, Drama",10,10,1980,2:04:00,8.2,270997,"A Victorian surgeon rescues a heavily disfigured man who is mistreated while scraping a living as a side-show freak. Behind his monstrous façade, there is revealed a person of kindness, intelligence and sophistication.","Anthony Hopkins, John Hurt, Anne Bancroft",N/A,"$26,010,864",Nominated for 8 Oscars. 11 wins & 22 nominations total
Dial M for Murder,160,"Crime, Drama, Mystery",29,5,1954,1:45:00,8.2,196616,"A London playboy plots the perfect murder of his rich, unfaithful Wife.","Ray Milland, Grace Kelly, Robert Cummings",N/A,"$24,845",Nominated for 1 BAFTA Award5 wins & 3 nominations total
Gone with the Wind,161,"Drama, Romance, War",17,1,1939,3:58:00,8.2,344565,A sheltered and manipulative Southern belle and a roguish profiteer face off in a turbulent romance as the society around them crumbles with the end of slavery and is rebuilt during the Civil War and Reconstruction periods.,"Clark Gable, Vivien Leigh, Thomas Mitchell",N/A,"$200,882,193",Won 8 Oscars. 25 wins & 9 nominations total
Rashomon,162,"Crime, Drama, Mystery",26,12,1950,1:28:00,8.2,188146,"The rape of a bride and the murder of her samurai husband are recalled from the perspectives of a bandit, the bride, the samurai's ghost and a woodcutter.","Toshirô Mifune, Machiko Kyô, Masayuki Mori",N/A,"$46,808",Nominated for 1 Oscar. 9 wins & 5 nominations total
Klaus,163,"Animation, Adventure, Comedy",15,11,2019,1:36:00,8.2,211711,"A simple act of kindness always sparks another, even in a frozen, faraway place. When Smeerensburg's new postman, Jesper, befriends toymaker Klaus, their gifts melt an age-old feud and deliver a sleigh full of holiday traditions.","Jason Schwartzman, J.K. Simmons, Rashida Jones",N/A,N/A,Nominated for 1 Oscar. 11 wins & 27 nominations total
Chinatown,164,"Drama, Mystery, Thriller",20,6,1974,2:10:00,8.1,362899,"A private detective hired to expose an adulterer in 1930s Los Angeles finds himself caught up in a web of deceit, corruption, and murder.","Jack Nicholson, Faye Dunaway, John Huston",N/A,"$29,200,000",Won 1 Oscar. 21 wins & 24 nominations total
The Secret in Their Eyes,165,"Drama, Mystery, Romance",21,5,2009,2:09:00,8.2,231103,A retired legal counselor writes a novel hoping to find closure for one of his past unresolved homicide cases and for his unreciprocated love with his superior - both of which still haunt him decades later.,"Ricardo Darín, Soledad Villamil, Pablo Rago",N/A,"$6,391,436",Won 1 Oscar. 53 wins & 43 nominations total
I'm Still Here,166,"Biography, Drama, History",7,2,2024,2:17:00,8.4,94472,A woman married to a former politician during the military dictatorship in Brazil is forced to reinvent herself and chart a new course for her family after a violent and arbitrary act.,"Fernanda Torres, Fernanda Montenegro, Selton Mello",N/A,"$5,206,915",Won 1 Oscar. 50 wins & 60 nominations total
"Lock, Stock and Two Smoking Barrels",167,"Comedy, Crime",28,8,1998,1:47:00,8.1,632428,"When four small-time criminals lose a rigged poker game against a London kingpin, he gives them one week to settle their enormous debt.","Jason Flemyng, Dexter Fletcher, Nick Moran",N/A,"$3,753,929",Won 1 BAFTA Award13 wins & 9 nominations total
V for Vendetta,168,"Action, Drama, Sci-Fi",17,3,2005,2:12:00,8.1,1209735,"In a future British dystopian society, a shadowy freedom fighter, known only by the alias of ""V"", plots to overthrow the tyrannical government - with the help of a young woman.","Hugo Weaving, Natalie Portman, Rupert Graves",N/A,"$70,511,035",7 wins & 29 nominations total
Inside Out,169,"Animation, Adventure, Comedy",19,6,2015,1:35:00,8.1,859046,"After young Riley is uprooted from her Midwest life and moved to San Francisco, her emotions - Joy, Fear, Anger, Disgust and Sadness - conflict on how best to navigate a new city, house, and school.","Amy Poehler, Bill Hader, Lewis Black",N/A,"$356,461,711",Won 1 Oscar. 99 wins & 118 nominations total
The Wild Robot,170,"Animation, Sci-Fi",27,9,2024,1:42:00,8.2,151716,"After a shipwreck, an intelligent robot called Roz is stranded on an uninhabited island. To survive the harsh environment, Roz bonds with the island's animals and cares for an orphaned baby goose.","Lupita Nyong'o, Pedro Pascal, Kit Connor",N/A,"$143,901,945",Nominated for 3 Oscars. 85 wins & 104 nominations total
"Three Billboards Outside Ebbing, Missouri",171,"Comedy, Crime, Drama",1,12,2017,1:55:00,8.1,578748,A mother personally challenges the local authorities to solve her daughter's murder when they fail to catch the culprit.,"Frances McDormand, Woody Harrelson, Sam Rockwell",N/A,"$54,513,740",Won 2 Oscars. 132 wins & 233 nominations total
The Bridge on the River Kwai,172,"Adventure, Drama, War",14,12,1957,2:41:00,8.1,240503,"British POWs are forced to build a railway bridge across the river Kwai for their Japanese captors in occupied Burma, not knowing that the allied forces are planning a daring commando raid through the jungle to destroy it.","William Holden, Alec Guinness, Jack Hawkins",N/A,"$27,200,000",Won 7 Oscars. 30 wins & 7 nominations total
Trainspotting,173,Drama,9,8,1996,1:33:00,8.1,746094,"Renton, deeply immersed in the Edinburgh drug scene, tries to clean up and get out despite the allure of drugs and the influence of friends.","Ewan McGregor, Ewen Bremner, Jonny Lee Miller",N/A,"$16,491,080",Nominated for 1 Oscar. 23 wins & 35 nominations total
Raging Bull,174,"Biography, Drama, Sport",19,12,1980,2:09:00,8.1,393402,"The life of boxer Jake LaMotta, whose violence and temper that led him to the top in the ring destroyed his life outside of it.","Robert De Niro, Cathy Moriarty, Joe Pesci",N/A,"$23,383,987",Won 2 Oscars. 24 wins & 28 nominations total
Catch Me If You Can,175,"Biography, Crime, Drama",25,12,2002,2:21:00,8.1,1153948,"Barely 17 yet, Frank is a skilled forger who has passed as a doctor, lawyer and pilot. FBI agent Carl becomes obsessed with tracking down the con man, who only revels in the pursuit.","Leonardo DiCaprio, Tom Hanks, Christopher Walken",N/A,"$164,615,351",Nominated for 2 Oscars. 16 wins & 46 nominations total
Fargo,176,"Crime, Drama, Thriller",5,4,1996,1:38:00,8.1,751398,Minnesota car salesman Jerry Lundegaard's inept crime falls apart due to his and his henchmen's bungling and the persistent police work of the quite pregnant Marge Gunderson.,"William H. Macy, Frances McDormand, Steve Buscemi",N/A,"$24,611,975",Won 2 Oscars. 84 wins & 58 nominations total
Warrior,177,"Action, Drama, Sport",9,9,2011,2:20:00,8.1,511775,"The youngest son of an alcoholic former boxer returns home, where he's trained by his father for competition in a mixed martial arts tournament - a path that puts the fighter on a collision course with his estranged, older brother.","Tom Hardy, Nick Nolte, Joel Edgerton",N/A,"$13,657,115",Nominated for 1 Oscar. 6 wins & 22 nominations total
Harry Potter and the Deathly Hallows: Part 2,178,"Adventure, Family, Fantasy",15,7,2011,2:10:00,8.1,989819,"As the battle between the forces of good and evil in the wizarding world escalates, Harry Potter draws ever closer to his final confrontation with Voldemort.","Daniel Radcliffe, Emma Watson, Rupert Grint",N/A,"$381,447,587",Nominated for 3 Oscars. 49 wins & 95 nominations total
Gran Torino,179,Drama,9,1,2008,1:56:00,8.1,835421,"After a Hmong teenager tries to steal his prized 1972 Gran Torino, a disgruntled, prejudiced Korean War veteran seeks to redeem both the boy and himself.","Clint Eastwood, Bee Vang, Christopher Carley",N/A,"$148,095,302",21 wins & 23 nominations total
Million Dollar Baby,180,"Drama, Sport",28,1,2004,2:12:00,8.1,742861,"Frankie, an ill-tempered old coach, reluctantly agrees to train aspiring boxer Maggie. Impressed with her determination and talent, he helps her become the best and the two soon form a close bond.","Hilary Swank, Clint Eastwood, Morgan Freeman",N/A,"$100,492,203",Won 4 Oscars. 68 wins & 86 nominations total
My Neighbor Totoro,181,"Animation, Comedy, Family",13,7,1988,1:26:00,8.1,403138,"When two girls move to the country to be near their ailing mother, they have adventures with the wondrous forest spirits who live nearby.","Hitoshi Takagi, Noriko Hidaka, Chika Sakamoto",N/A,"$2,250,213",5 wins & 2 nominations total
Spider-Man: No Way Home,182,"Action, Adventure, Fantasy",17,12,2021,2:28:00,8.2,939412,"With Spider-Man's identity now revealed, Peter asks Doctor Strange for help. When a spell goes wrong, dangerous foes from other worlds start to appear.","Tom Holland, Zendaya, Benedict Cumberbatch",N/A,"$814,866,759",Nominated for 1 Oscar. 35 wins & 71 nominations total
Mad Max: Fury Road,183,"Action, Adventure, Sci-Fi",15,5,2015,2:00:00,8.1,1157878,"In a post-apocalyptic wasteland, a woman rebels against a tyrannical ruler in search for her homeland with the aid of a group of female prisoners, a psychotic worshipper and a drifter named Max.","Tom Hardy, Charlize Theron, Nicholas Hoult",N/A,"$154,280,290",Won 6 Oscars. 245 wins & 233 nominations total
Ben-Hur,184,"Adventure, Drama",18,11,1959,3:32:00,8.1,261442,"A Jewish prince is betrayed and sent into slavery by a Roman friend in 1st-century Jerusalem, but it's not long before he regains his freedom and comes back for revenge.","Charlton Heston, Jack Hawkins, Stephen Boyd",N/A,"$74,432,704",Won 11 Oscars. 29 wins & 13 nominations total
Children of Heaven,185,"Drama, Family, Sport",22,1,1997,1:29:00,8.2,84869,"After a boy loses his sister's pair of shoes, he goes on a series of adventures in order to find them. When he can't, he tries a new way to ""win"" a new pair.","Reza Naji, Amir Farrokh Hashemian, Bahare Seddiqi",N/A,"$933,933",Nominated for 1 Oscar. 18 wins & 5 nominations total
Barry Lyndon,186,"Adventure, Drama, War",18,12,1975,3:05:00,8.1,191648,An Irish rogue wins the heart of a rich widow and assumes her dead husband's aristocratic position in 18th-century England.,"Ryan O'Neal, Marisa Berenson, Patrick Magee",N/A,N/A,Won 4 Oscars. 17 wins & 14 nominations total
12 Years a Slave,187,"Biography, Drama, History",8,11,2013,2:14:00,8.1,761218,"In the antebellum United States, Solomon Northup, a free black man from upstate New York, is abducted and sold into slavery.","Chiwetel Ejiofor, Michael Kenneth Williams, Michael Fassbender",N/A,"$56,671,993",Won 3 Oscars. 244 wins & 337 nominations total
Before Sunrise,188,"Drama, Romance",27,1,1995,1:41:00,8.1,356211,"A young man and woman meet on a train in Europe, and wind up spending one evening together in Vienna. Unfortunately, both know that this will probably be their only night together.","Ethan Hawke, Julie Delpy, Andrea Eckert",N/A,"$5,535,405",1 win & 7 nominations total
Dead Poets Society,189,"Comedy, Drama",9,6,1989,2:08:00,8.1,585125,"Maverick teacher John Keating returns in 1959 to the prestigious New England boys' boarding school where he was once a star student, using poetry to embolden his pupils to new heights of self-expression.","Robin Williams, Robert Sean Leonard, Ethan Hawke",N/A,"$95,860,116",Won 1 Oscar. 20 wins & 19 nominations total
Blade Runner,190,"Action, Drama, Sci-Fi",25,6,1982,1:57:00,8.1,849698,A blade runner must pursue and terminate four replicants who stole a ship in space and have returned to Earth to find their creator.,"Harrison Ford, Rutger Hauer, Sean Young",N/A,"$32,914,489",Nominated for 2 Oscars. 13 wins & 22 nominations total
The Grand Budapest Hotel,191,"Adventure, Comedy, Crime",28,3,2014,1:39:00,8.1,920818,"A writer encounters the owner of an aging high-class hotel, who tells him of his early years serving as a lobby boy in the hotel's glorious years under an exceptional concierge.","Ralph Fiennes, F. Murray Abraham, Mathieu Amalric",N/A,"$59,301,324",Won 4 Oscars. 135 wins & 227 nominations total
Hacksaw Ridge,192,"Biography, Drama, History",4,11,2016,2:19:00,8.1,630885,"World War II American Army Medic Desmond T. Doss, serving during the Battle of Okinawa, refuses to kill people and becomes the first man in American history to receive the Medal of Honor without firing a shot.","Andrew Garfield, Sam Worthington, Luke Bracey",N/A,"$67,209,615",Won 2 Oscars. 57 wins & 115 nominations total
Gone Girl,193,"Drama, Mystery, Thriller",3,10,2014,2:29:00,8.1,1113320,The husband of a missing woman becomes the chief suspect in her disappearance.,"Ben Affleck, Rosamund Pike, Neil Patrick Harris",N/A,"$167,767,189",Nominated for 1 Oscar. 64 wins & 188 nominations total
Memories of Murder,194,"Crime, Drama, Mystery",2,5,2003,2:12:00,8.1,237133,"In a small Korean province in 1986, two detectives struggle with the case of multiple young women being found raped and murdered by an unknown culprit.","Song Kang-ho, Kim Sang-kyung, Kim Roe-ha",N/A,"$15,357",33 wins & 10 nominations total
In the Name of the Father,195,"Biography, Crime, Drama",25,2,1993,2:13:00,8.1,194592,"An Irish man's coerced confession to an I.R.A. bombing he did not commit results in the imprisonment of his father as well. Meanwhile, a British lawyer fights to clear their names and free them.","Daniel Day-Lewis, Pete Postlethwaite, Alison Crosbie",N/A,"$25,096,862",Nominated for 7 Oscars. 7 wins & 41 nominations total
"Monsters, Inc.",196,"Animation, Adventure, Comedy",23,11,2001,1:32:00,8.1,1020395,"In order to power the city, monsters have to scare children so that they scream. However, the children are toxic to the monsters, and after a child gets through, two monsters realize things may not be what they think.","Billy Crystal, John Goodman, Mary Gibbs",N/A,"$290,642,256",Won 1 Oscar. 15 wins & 38 nominations total
Ratatouille,197,"Animation, Adventure, Comedy",27,6,2007,1:51:00,8.1,876324,A rat who can cook makes an unusual alliance with a young kitchen worker at a famous Paris restaurant.,"Brad Garrett, Lou Romano, Patton Oswalt",N/A,"$206,445,654",Won 1 Oscar. 68 wins & 42 nominations total
The Gold Rush,198,"Adventure, Comedy, Drama",16,8,1925,1:35:00,8.1,122942,"A prospector goes to the Klondike during the 1890s gold rush in hopes of making his fortune, and is smitten with a girl he sees in a dance hall.","Charles Chaplin, Mack Swain, Tom Murray",N/A,N/A,Nominated for 2 Oscars. 5 wins & 3 nominations total
Wild Tales,199,"Comedy, Drama, Thriller",21,8,2014,2:02:00,8.1,226589,Six short stories that explore the extremities of human behavior involving people in distress.,"Darío Grandinetti, María Marull, Mónica Villa",N/A,"$3,106,530",Nominated for 1 Oscar. 51 wins & 58 nominations total
How to Train Your Dragon,200,"Animation, Action, Adventure",26,3,2010,1:38:00,8.1,836717,"A hapless young Viking who aspires to hunt dragons becomes the unlikely friend of a young dragon himself, and learns there may be more to the creatures than he assumed.","Jay Baruchel, Gerard Butler, Christopher Mintz-Plasse",N/A,"$217,581,231",Nominated for 2 Oscars. 25 wins & 63 nominations total
Sherlock Jr.,201,"Action, Comedy, Romance",11,5,1924,0:45:00,8.2,61051,"A film projectionist longs to be a detective, and puts his meagre skills to work when he is framed by a rival for stealing his girlfriend's father's pocketwatch.","Buster Keaton, Kathryn McGuire, Joe Keaton",N/A,"$977,375",2 wins total
Jaws,202,"Adventure, Drama, Horror",20,6,1975,2:04:00,8.1,689646,"When a massive killer shark unleashes chaos on a beach community off Long Island, it's up to a local sheriff, a marine biologist, and an old seafarer to hunt the beast down.","Roy Scheider, Robert Shaw, Richard Dreyfuss",N/A,"$267,263,625",Won 3 Oscars. 16 wins & 20 nominations total
Mary and Max,203,"Animation, Comedy, Drama",9,4,2009,1:32:00,8.1,194867,"In 1976 Melbourne, a lonely 8-year-old girl strikes up a correspondence with an unlikely pen pal: a severely obese 44-year-old New Yorker with Asperger's syndrome.","Toni Collette, Philip Seymour Hoffman, Eric Bana",N/A,N/A,6 wins & 9 nominations total
The Deer Hunter,204,"Drama, War",23,2,1978,3:03:00,8.1,373558,An in-depth examination of the ways in which the Vietnam War impacts and disrupts the lives of several friends in a small steel mill town in Pennsylvania.,"Robert De Niro, Christopher Walken, John Cazale",N/A,"$48,979,328",Won 5 Oscars. 24 wins & 27 nominations total
The General,205,"Action, Adventure, Comedy",2,1,1926,1:18:00,8.1,101926,"After being rejected by the Confederate military, not realizing it was due to his crucial civilian role, an engineer must single-handedly recapture his beloved locomotive after it is seized by Union spies and return it through enemy lines.","Buster Keaton, Marion Mack, Glen Cavender",N/A,N/A,3 wins & 1 nomination total
Ford v Ferrari,206,"Action, Biography, Drama",15,11,2019,2:32:00,8.1,515821,American car designer Carroll Shelby and driver Ken Miles battle corporate interference and the laws of physics to build a revolutionary race car for Ford in order to defeat Ferrari at the 24 Hours of Le Mans in 1966.,"Matt Damon, Christian Bale, Jon Bernthal",N/A,"$117,624,357",Won 2 Oscars. 26 wins & 88 nominations total
The Wages of Fear,207,"Adventure, Drama, Thriller",16,2,1953,2:36:00,8.1,69722,"In a decrepit South American village, four men are hired to transport an urgent nitroglycerine shipment without the equipment that would make it safe.","Yves Montand, Charles Vanel, Peter van Eyck",N/A,"$21,228",Won 1 BAFTA Award6 wins & 1 nomination total
On the Waterfront,208,"Crime, Drama, Thriller",22,6,1954,1:48:00,8.1,171105,"An ex-prize fighter turned New Jersey longshoreman struggles to stand up to his corrupt union bosses, including his older brother, as he starts to connect with the grieving sister of one of the syndicate's victims.","Marlon Brando, Karl Malden, Lee J. Cobb",N/A,N/A,Won 8 Oscars. 30 wins & 10 nominations total
Mr. Smith Goes to Washington,209,"Comedy, Drama",19,10,1939,2:09:00,8.1,125208,"A naive youth leader is appointed to fill a vacancy in the U.S. Senate. His idealistic plans promptly collide with corruption at home and subterfuge from his hero in Washington, but he tries to forge ahead despite attacks on his character.","James Stewart, Jean Arthur, Claude Rains",N/A,"$144,738",Won 1 Oscar. 5 wins & 12 nominations total
Wild Strawberries,210,"Drama, Romance",22,6,1957,1:32:00,8.1,119542,"After living a life marked by coldness, an aging professor is forced to confront the emptiness of his existence.","Victor Sjöström, Bibi Andersson, Ingrid Thulin",N/A,N/A,Nominated for 1 Oscar. 16 wins & 4 nominations total
Logan,211,"Action, Drama, Sci-Fi",3,3,2017,2:17:00,8.1,882892,"In a future where mutants are nearly extinct, an elderly and weary Logan leads a quiet life. But when Laura, a mutant child pursued by scientists, comes to him for help, he must get her to safety.","Hugh Jackman, Patrick Stewart, Dafne Keen",N/A,"$226,277,068",Nominated for 1 Oscar. 28 wins & 82 nominations total
The Third Man,212,"Drama, Film-Noir, Mystery",1,2,1949,1:44:00,8.1,188707,"Pulp novelist Holly Martins travels to shadowy, postwar Vienna, only to find himself investigating the mysterious death of an old friend, Harry Lime.","Orson Welles, Joseph Cotten, Alida Valli",N/A,"$1,067,364",Won 1 Oscar. 5 wins & 4 nominations total
Rocky,213,"Drama, Sport",3,12,1976,2:00:00,8.1,655385,A small-time Philadelphia boxer gets a supremely rare chance to fight the world heavyweight champion in a bout in which he strives to go the distance for his self-respect.,"Sylvester Stallone, Talia Shire, Burt Young",N/A,"$117,235,147",Won 3 Oscars. 22 wins & 23 nominations total
Maharaja,214,"Action, Crime, Drama",13,6,2024,2:21:00,8.4,65206,"A barber seeks vengeance after his home is burglarized, cryptically telling police his ""lakshmi"" has been taken, leaving them uncertain if it's a person or object. His quest to recover the elusive ""lakshmi"" unfolds.","Vijay Sethupathi, Anurag Kashyap, Mamta Mohandas",N/A,N/A,3 nominations total
Tokyo Story,214,Drama,13,3,1953,2:17:00,8.1,73108,"An old couple visit their children and grandchildren in the city, but receive little attention.","Chishû Ryû, Chieko Higashiyama, Sô Yamamura",N/A,N/A,3 wins total
The Big Lebowski,216,"Comedy, Crime",6,3,1998,1:57:00,8.1,886048,"Jeff ""The Dude"" Lebowski, mistaken for a millionaire of the same name, seeks restitution for his ruined rug and enlists his bowling buddies to help get it.","Jeff Bridges, John Goodman, Julianne Moore",N/A,"$19,488,923",5 wins & 18 nominations total
Spotlight,217,"Biography, Crime, Drama",20,11,2015,2:09:00,8.1,516276,"The true story of how the Boston Globe uncovered the massive scandal of child molestation and cover-up within the local Catholic Archdiocese, shaking the entire Catholic Church to its core.","Mark Ruffalo, Michael Keaton, Rachel McAdams",N/A,"$45,055,776",Won 2 Oscars. 124 wins & 144 nominations total
The Seventh Seal,218,"Drama, Fantasy",13,10,1957,1:36:00,8.1,206805,"A knight returning to Sweden after the Crusades seeks answers about life, death, and the existence of God as he plays chess against the Grim Reaper during the Black Plague.","Max von Sydow, Gunnar Björnstrand, Bengt Ekerot",N/A,N/A,9 wins & 2 nominations total
The Terminator,219,"Action, Adventure, Sci-Fi",26,10,1984,1:47:00,8.1,958546,A cyborg assassin from the future attempts to find and kill a young woman who is destined to give birth to a warrior that will lead a resistance to save humankind from extinction.,"Arnold Schwarzenegger, Linda Hamilton, Michael Biehn",N/A,"$38,371,200",8 wins & 7 nominations total
Room,220,"Drama, Thriller",22,1,2015,1:58:00,8.1,465563,"A little boy is held captive in a room with his mother since his birth, so he has never known the world outside.","Brie Larson, Jacob Tremblay, Sean Bridgers",N/A,"$14,677,654",Won 1 Oscar. 108 wins & 141 nominations total
Pirates of the Caribbean: The Curse of the Black Pearl,221,"Action, Adventure, Fantasy",9,7,2003,2:23:00,8.1,1257026,"Blacksmith Will Turner teams up with eccentric pirate ""Captain"" Jack Sparrow to save Elizabeth Swann, the governor's daughter and his love, from Jack's former pirate allies, who are now undead.","Johnny Depp, Geoffrey Rush, Orlando Bloom",N/A,"$305,413,918",Nominated for 5 Oscars. 38 wins & 104 nominations total
La haine,222,"Crime, Drama",23,2,1995,1:38:00,8.1,209415,24 hours in the lives of three young men in the French suburbs the day after a violent riot.,"Vincent Cassel, Hubert Koundé, Saïd Taghmaoui",N/A,"$280,859",8 wins & 15 nominations total
Jai Bhim,223,"Crime, Drama",2,11,2021,2:44:00,8.7,224317,"When a tribal man is arrested for a case of alleged theft, his wife turns to a human-rights lawyer to help bring justice.","Suriya, Lijo Mol Jose, Manikandan K.",N/A,N/A,10 wins & 20 nominations
Hotel Rwanda,224,"Biography, Drama, History",4,2,2004,2:01:00,8.1,382195,"Paul Rusesabagina, a hotel manager, houses over a thousand Tutsi refugees during their struggle against the Hutu militia in Rwanda, Africa.","Don Cheadle, Sophie Okonedo, Joaquin Phoenix",N/A,"$23,530,892",Nominated for 3 Oscars. 16 wins & 49 nominations total
Platoon,225,"Drama, War",6,2,1986,2:00:00,8.1,453216,"Chris Taylor, a neophyte recruit in Vietnam, finds himself caught in a battle of wills between two sergeants, one good and the other evil. A shrewd examination of the brutality of war and the duality of man in conflict.","Charlie Sheen, Tom Berenger, Willem Dafoe",N/A,"$138,530,565",Won 4 Oscars. 24 wins & 16 nominations total
Before Sunset,226,"Drama, Romance",30,7,2004,1:20:00,8.1,300085,"Nine years after Jesse and Celine first met, they encounter each other again on the French leg of Jesse's book tour.","Ethan Hawke, Julie Delpy, Vernon Dobtcheff",N/A,"$5,820,649",Nominated for 1 Oscar. 9 wins & 32 nominations total
The Best Years of Our Lives,227,"Drama, Romance, War",29,5,1946,2:50:00,8.1,73735,"Three World War II veterans, two of them traumatized or disabled, return home to the American midwest to discover that they and their families have been irreparably changed.","Myrna Loy, Dana Andrews, Fredric March",N/A,"$23,650,000",Won 7 Oscars. 21 wins & 3 nominations total
The Exorcist,228,Horror,26,12,1973,2:02:00,8.1,474501,"When a mysterious entity possesses a young girl, her mother seeks the help of two Catholic priests to save her life.","Ellen Burstyn, Max von Sydow, Linda Blair",N/A,"$233,005,644",Won 2 Oscars. 18 wins & 21 nominations total
The Passion of Joan of Arc,229,"Biography, Drama, History",25,10,1928,1:54:00,8.1,64087,"In 1431, Jeanne d'Arc is placed on trial on charges of heresy. The ecclesiastical jurists attempt to force Jeanne to recant her claims of holy visions.","Maria Falconetti, Eugene Silvain, André Berley",N/A,"$21,877",4 wins & 1 nomination total
The Wizard of Oz,230,"Adventure, Family, Fantasy",25,8,1939,1:42:00,8.1,447744,"Young Dorothy Gale and her dog Toto are swept away by a tornado from their Kansas farm to the magical Land of Oz and embark on a quest with three new friends to see the Wizard, who can return her to her home and fulfill the others' wishes.","Judy Garland, Frank Morgan, Ray Bolger",N/A,"$24,668,669",Won 2 Oscars. 13 wins & 14 nominations total
The Incredibles,231,"Animation, Action, Adventure",5,11,2004,1:55:00,8.0,848143,"While trying to lead a quiet suburban life, a family of undercover superheroes are forced into action to save the world.","Craig T. Nelson, Samuel L. Jackson, Holly Hunter",N/A,"$261,441,092",Won 2 Oscars. 69 wins & 56 nominations total
The Sound of Music,232,"Biography, Drama, Family",1,4,1965,2:52:00,8.1,273833,A young novice is sent by her convent in 1930s Austria to become a governess to the seven children of a widowed naval officer.,"Julie Andrews, Christopher Plummer, Eleanor Parker",N/A,"$159,287,539",Won 5 Oscars. 18 wins & 13 nominations total
Rush,233,"Biography, Drama, Sport",27,9,2013,2:03:00,8.1,531012,"James Hunt and Niki Lauda, two extremely skilled Formula One racers, have an intense rivalry with each other. However, it is their enmity that pushes them to their limits.","Daniel Brühl, Chris Hemsworth, Olivia Wilde",N/A,"$26,947,624",Won 1 BAFTA Award6 wins & 66 nominations total
Hachi: A Dog's Tale,234,"Biography, Drama, Family",12,3,2009,1:33:00,8.1,325555,"Professor Wilson discovers a lost Akita puppy on his way home. Despite objections from his wife, Hachi endears himself to the family and grows to be Parker's loyal companion. As their bond grows deeper, a beautiful relationship unfolds.","Richard Gere, Joan Allen, Cary-Hiroyuki Tagawa",N/A,N/A,1 nomination total
Stand by Me,235,"Adventure, Comedy, Drama",22,8,1986,1:29:00,8.1,460969,A writer recounts a childhood journey with his friends to find the body of a missing boy.,"Wil Wheaton, River Phoenix, Corey Feldman",N/A,"$52,287,414",Nominated for 1 Oscar. 6 wins & 12 nominations total
Network,236,Drama,27,11,1976,2:01:00,8.1,177904,"A television network cynically exploits a deranged former anchor's ravings and revelations about mass media for its own profit, but finds that his message may be difficult to control.","Faye Dunaway, William Holden, Peter Finch",N/A,"$23,689,877",Won 4 Oscars. 20 wins & 27 nominations total
Demon Slayer: Kimetsu no Yaiba - Tsuzumi Mansion Arc,237,"Animation, Action, Fantasy",7,10,2021,1:27:00,8.5,30653,Tanjiro ventures to the south-southeast where he encounters a cowardly young man named Zenitsu Agatsuma. He is a fellow survivor from Final Selection and his sparrow asks Tanjiro to help keep him in line.,N/A,N/A,N/A,N/A
My Father and My Son,238,"Drama, Family",18,11,2005,1:52:00,8.2,96605,The family of a left-wing journalist is torn apart after the military coup of Turkey in 1980.,"Çetin Tekindor, Fikret Kuskan, Hümeyra",N/A,N/A,14 wins & 7 nominations total
The Handmaiden,239,"Drama, Romance, Thriller",2,9,2016,2:25:00,8.1,185923,"In 1930s Korea, a girl is hired as a handmaiden to a Japanese heiress who lives a secluded life on a countryside estate. But the maid has a secret: She is a pickpocket recruited by a swindler to help seduce the Lady and steal her fortune.","Kim Min-hee, Ha Jung-woo, Cho Jin-woong",N/A,"$2,006,788",Won 1 BAFTA Award69 wins & 104 nominations total
The Iron Giant,240,"Animation, Action, Adventure",6,8,1999,1:26:00,8.1,242094,A young boy befriends a giant robot from outer space that a paranoid government agent wants to destroy.,"Eli Marienthal, Harry Connick Jr., Jennifer Aniston",N/A,"$23,315,035",Won 1 BAFTA Award20 wins & 18 nominations total
To Be or Not to Be,241,"Comedy, Romance, War",6,3,1942,1:39:00,8.1,46338,"During the German occupation of Poland, an acting troupe becomes embroiled in a Polish soldier's efforts to track down a German spy.","Carole Lombard, Jack Benny, Robert Stack",N/A,"$3,270,000",Nominated for 1 Oscar. 5 wins & 2 nominations total
The Battle of Algiers,242,"Drama, War",20,9,1966,2:01:00,8.1,70264,"In the 1950s, fear and violence escalate as the people of Algiers fight for independence from the French government.","Brahim Hadjadj, Jean Martin, Yacef Saadi",N/A,"$879,794",Nominated for 3 Oscars. 9 wins & 8 nominations total
Into the Wild,243,"Adventure, Biography, Drama",19,10,2007,2:28:00,8.1,676109,"After graduating from Emory University, top student and athlete Christopher McCandless abandons his possessions, gives his entire $24,000 savings account to charity and hitchhikes to Alaska to live in the wilderness.","Emile Hirsch, Vince Vaughn, Catherine Keener",N/A,"$18,354,356",Nominated for 2 Oscars. 23 wins & 106 nominations total
The Grapes of Wrath,244,Drama,15,3,1940,2:09:00,8.1,103573,"An Oklahoma family, driven off their farm by the poverty and hopelessness of the Dust Bowl, joins the westward migration to California, suffering the misfortunes of the homeless in the Great Depression.","Henry Fonda, Jane Darwell, John Carradine",N/A,N/A,Won 2 Oscars. 10 wins & 6 nominations total
Groundhog Day,245,"Comedy, Drama, Fantasy",12,2,1993,1:41:00,8.0,712394,"A narcissistic, self-centered weatherman finds himself in a time loop on Groundhog Day.","Bill Murray, Andie MacDowell, Chris Elliott",N/A,"$71,107,962",Won 1 BAFTA Award7 wins & 17 nominations total
A Silent Voice: The Movie,246,"Animation, Drama",17,9,2016,2:10:00,8.1,116937,"A deaf girl, Shoko, is bullied by the popular Shoya. As Shoya continues to bully Shoko, the class turns its back on him. Shoko transfers and Shoya grows up as an outcast. Alone and depressed, the regretful Shoya finds Shoko to make amends.","Miyu Irino, Saori Hayami, Aoi Yûki",N/A,"$1,079,689",6 wins & 9 nominations total
The Help,247,Drama,10,8,2011,2:26:00,8.1,509866,"An aspiring author during the civil rights movement of the 1960s decides to write a book detailing the African American maids' point of view on the white families for which they work, and the hardships they go through on a daily basis.","Viola Davis, Emma Stone, Octavia Spencer",N/A,"$169,708,112",Won 1 Oscar. 79 wins & 121 nominations total
Amores Perros,248,"Drama, Thriller",13,4,2000,2:34:00,8.0,261263,"An amateur dog fighter, a supermodel, and a derelict assassin, all separately struggling to find love, find their lives transformed by a devastating car wreck in Mexico City.","Emilio Echevarría, Gael García Bernal, Goya Toledo",N/A,"$5,408,467",Nominated for 1 Oscar. 55 wins & 24 nominations total
Rebecca,249,"Drama, Mystery, Romance",12,4,1940,2:10:00,8.1,153434,A self-conscious woman juggles adjusting to her new role as an aristocrat's wife and avoiding being intimidated by his first wife's spectral presence.,"Laurence Olivier, Joan Fontaine, George Sanders",N/A,N/A,Won 2 Oscars. 7 wins & 10 nominations total
Drishyam,250,"Crime, Drama, Mystery",31,7,2015,2:43:00,8.2,100198,"Desperate measures are taken by a man who tries to save his family from the dark side of the law, after they commit an unexpected crime.","Ajay Devgn, Shriya Saran, Tabu",N/A,N/A,2 wins & 8 nominations total
